1,1
1111111,1111111
123,123123
123,root
7days,7days
a,123456
a,a123
aaa,abc
aag,aag
aakash,aakash
ab,123
abc,12345
abcd,123
abcd,abcd1234
abcdef,abcdef
abcs,abcs1
abdel,abdel
abhijeet,abhijeet
abm,abm
abuse,abuse
aca,aca123
ac,ac
ackermann,ackermann
ad,123
ad,ad
adi,123456
adi,adi
adi,adi123
aditya,aditya123
adm,admin123
admin,1111111
admin,11111111
admin1,12345
admin123,123456
admin,12344321
admin,12345abc
admin,12qwaszx
admin,1q2w3e
admin,1qazxsw2
admin,2222
admin2,admin2
admin,321
admin,3lch3
admin,4321
admin,654321
admin,7777777
admin,admin
admin,admin12
admin,adminadmin
admin,administrator
admin,alec
admin,asd
admin,beresfor
admin,calvin
admin,creditcard
admin,elephant
admin,guest123
admin,heslo
admin,idc123456
administrador,1234
administrador,password
administrator,1
administrator,123
administrator,12345678
administrator,1qaz2wsx
administrator,abcd
administrator,adminadmin
administrator,asdfghjkl
admin,jvc
admin,kedacom
admin,lindy
admin,master
admin,narendra
admin,nospam
admin,password1234
admin,password321
admin,qaz123
admin,qqq111
admin,qwe123qwe
admin,qwerty12345
admin,rootroot
admin,secret
admin,songswell
admin,stephen
admin,sysadmin
admin,taureau
admin,test
admin,tigare
admin,winner
admin,youcef
admissions,admissions
adp,adp123
adrian,adrian1
advantage,advantage
afa,afa
ag,1
agent,agent
ahmed,ahmed123
aida,aida
aiden,aiden
aiken,aiken
airflow,123
ajenti,ajenti
ak47,ak47
akazam,akazam
akbar,akbar
akhtar,akhtar
aki,aki
alban,alban
albert,albert
albert,root
aldo,aldo123
ale,123
alejo,alejo
alex,123qwe
alex,admin1234
alex,alexpass
alexia,password
alexis,123
alex,passwd
alex,qwerty123
alex,test123
ali,123
ali,ali
alice,alice1
alice,qwerty
alisha,alisha1
alison,alison123
alok,alok
alphonse,alphonse
alpine,test
alvin,alvin
amar,password
amartinez,amartinez
amber,123456
ambilogger,ambilogger
amin,amin
amir,amir123
amit,amit123
amit,amit1234
aml,aml123
amo,amo
amp,amp123
ams,ams
amt,amt
amy,123456
ana,123456
anastasia,anastasia
andre,andre
andreas,andreas
andreia,andreia
andres,andres
andres,andres123
andrew,1234567
andrey,123456
andy,andy123
andy,password
angga,angga
anil,anil
anisa,anisa
anke,anke
anna,anna123
anna,anna12345
anni,anni
anonymous,1
ansible,ansible
anthony,anthony1
anto,anto
anton,123456
apache2,apache2
apache,88888888
apache,apache
apd,apd
appldev,appldev
application,application
applmgr,applmgr
applmgr,applmgr1
apply,apply
apps,123456
appserver,appserver
aps,aps
aptiva,aptiva
archana,archana
areyes,areyes
ariane,ariane
aric,aric
ark,1
ark,root
arma3server,arma3
art,123456
artur,artur
artur,artur123
arul,arul123
arun,arun
arya,arya123
as,12345
asa,asa
asd,asd
asdf,asdf
ashley,ashley
ashton,123456
ass,ass
astra,astra
asu,123456
at,at
attachments,attachments
aurelien,aurelien
austin,austin
automation,automation
auxiliar,auxiliar
ava,ava12345
av,av
avorion,avorion
az,123
aziah,aziah
aziz,aziz
b2b,b2b
b,a
ba,123456
ba,changeme
backup,1234
backup2,abc
backuptest,backuptest
bak,bak
banan,banan
bang,123456
bank,123456
barret,barret
barry,barry
barun,barun123
bass,password
basti,basti
bbm,bbm
bbs,bbs
bdadmin,bdadmin
bdd,bdd
beamer,beamer
beatriz,123
beck,beck
beehive,beehive
behrooz,behrooz
ben,1qaz2wsx
ben,ben1
benjamin,benjamin
benjamin,benjamin123
best,best
best,best123
bexx,bexx
bi,12345
biba,biba
bibek,bibek123
big,big
big,big123
bil,bil
bill,123qwe
binh,binh
biotech,biotech
bit,bit
bitnami,bitnami
bix,123456
biz,biz
bj,bj
bjorn,bjorn
bk,123
blade,blade
bliu,bliu
bmt,bmt
bmw,bmw
bob,123
bo,bo
boda,boda
bodega,bodega
bogdan,bogdan
boge,boge
bogus,bogus
boi,boi
bolli,bolli
bond,bond
boning,boning
booking,booking123
bookkeeper,bookkeeper
boss,boss
bot,1234
bot2,123456
bot,321
bot,bot1234
bot,bot12345
botelho,botelho
bot,teamspeak
boule,boule
bra,bra
brad,brad
brad,brad123
brady,brady
branch,branch
brendan,brendan
brh,brh
brian,password
britz,britz
brooklyn,brooklyn
bruce,bruce123
bruna,bruna
bruno,bruno123
bryan,123456
bryan,bryan123
bryce,bryce
bsd2,bsd2
bt,123456
buddy,buddy
bug,bug
build,build123
bureau,bureau
burn,burn
buyer,buyer
bwd,bwd
bxm,bxm
c,123456
callcenter,callcenter
camara,camara
cameo,cameo
camera,camera
camilo,camilo
canna,123456
caroline,caroline123
carry,root
carter,carter123
cash,cash
cashier,cashier
cassie,cassie
cassie,cassie123
cat,123456
cata,cata
catadmin,catadmin
catchall,123456
cbl,cbl123
cbs,123456
cbs,cbs
cc,password
cdn,cdn123
cdsmgr,cdsmgr
cedric,cedric123
celine,celine
cent,123456
centos,centos12
centos,centos123
centos,centos1234
centos,centos12345
ceph,ceph
cgo,cgo
chain,chain
chan,chan
chao,chao
chaowei,chaowei
charlie,charlie
chencheng,chencheng
chendong,chendong
chenj,chenj
chi,123456
chico,chico
chl,chl
chris,root
chris,sirhc
chris,test123
christian,christian
christina,123456
chun,chun
cib,cib
citroen,citroen
city,city
ckc,ckc
ckj,ckj
ckl,ckl123
cklee,cklee
clara,clara
claude,claude
claudia,123456
clayton,clayton
cliente1,cliente1
clinton,clinton123
clon,clon
clone,clone
cls,cls
cmm,cmm
cmsftp,cmsftp
cns,cns
cobo,cobo
cod1,cod1
cod4server,cod4server
coder,coder
cody,cody
col,123456
cola,cola
cole,cole
compta,123456
compute,compute
comune,comune
conan,conan
confluence,123456
contabil,contabil
control,control123
cookie,123456
coolguy,coolguy
cooper,123456
copy,copy
core,core
corentin,corentin
cortez,123456
costas,costas
course,course
cp,123456
cpd,cpd
cpf,cpf
cpl,cpl
cp,password
cpp,cpp
craft,craft
crc,crc
cristina,cr1st1na
cronje,cronje
crq,123
crt,crt
crystal,crystal
cs,123456
cs,cs123
csg,123
csgoserver,1234
csgoserver,123456789
csgoserver,csgoserver1
csserver,csserver
cs,testing
ct,123456
ctg,ctg123
custom,custom
cut,cut
cv,cv
cvsroot,cvsroot
cw,cw123
cwj,cwj
cyber,cyber
cy,cy123
cye,cye
cyril,cyril123
cyrille,cyrille
cyrus,123456
cyrus,123qwe
cz,123456
d,123456
daaf,daaf
dada,dada
dai,123456
damian,damian
dan,123
dana,root
daniel,daniel12345
daniel,password
danny,123456
darragh,darragh
darrell,darrell
data,data123456
dave,password123
david,123123
david,12345678
david,abc123
david,david
david,david123
davinci,davinci
davis,123456
davis,davis
dawn,dawn
db2fenc2,db2fenc2
db2inst1,db2inst1123
dbd,dbd
dcc,dcc
debian,1
debian,1qaz2wsx
debian,debian
debian,debian123
del,del
delilah,delilah
dell,123456789
delphi,delphi
demo,12
demo,1234567
demo,12345678
demo,asdzxc
demo,cxzdsa
demo,mypassword
demo,nbvcxz
demo,pass123
demo,please
demo,psswd
demo,pswd
dennis,dennis123
deon,deon
deploy,1
deploy,123
deploy,1234
deploy,1qaz2wsx
deploy,abc123
deploy,asdf
deploy,deploydeploy
deploy,deployer
deployer,1234
deployer,deploy
deployer,deployer123
deployer,password
deploy,qwer1234
deploy,ubuntu
derek,derek
design,designpass
dev,123
dev,123456789
dev,dev
dev,developer
devol,devol
devopsuser,devopsuser
devpro,devpro
dev,q1w2e3r4
devs,devs
devuser,devuser123
df,df
dgv,dgv
diego,123
dietpi,dietpi
digiacomo,digiacomo
ding,ding123
dingo,dingo
dingwei,dingwei
direction,direction
dirk,123456
dis,dis
dispatch,dispatch
divya,divya123
django,django1234
dki,dki
dl,123456
dmitry,dmitry
dmt,dmt
dna,dna
dockeradmin,dockeradmin
dogg,dogg
dolla,dolla
dominique,dominique
dong,dong
doug,doug
douglas,douglas123
download,download
draco,draco
dragon,123456
drone,drone
drupal,drupal123
dsadm,dsadm
dsa,dsa
dst,123456789
dstserver,123456
dtr,dtr
dugger,dugger
dum,dum
dump,dump
duncan,duncan123
dustin,dustin
dusty,password
duw,123456
dux,dux
dw,password
dyk,dyk
dzh,123456
eab,eab
eagle,eagle
ebi,ebi
edb,edb
eddie,password
editor1,editor1
edna,edna
edoardo,edoardo
eduardo,eduardo123
eggy,eggy
ehsan,ehsan
elaine,elaine123
elastic,elastic
elastic,elasticsearch
element,element
elena,123
elena,123456
elia,elia
elias,pass
elisa,elisa
elk,123456
elopez,elopez
email,email
email,email123
emese,emese
emilia,emilia
emily,ylime
emmanuel,emmanuel
empleado,empleado
empresa,empresa
engineering,engineering
england,england
er,er
eric,eric
ericka,ericka
eric,password
ericsson,ericsson
eri,eri
ernesto,123456
erpnext,erpnext
es,123
es,123123
esbuser,esbuser
estudiantes,estudiantes
ethan,ethan123
etluser,etluser
ewg,123456
ewg,ewg
ewq,123456
exchange,exchange
experiment,experiment
exploit,exploit
extrim,extrim
fa,123
fabian,fabian
fabien,fabien
factorio,password
fafa,fafa
faf,faf
faiz,faiz
family,123456
fang,123456
fang,fang
fangnan,fangnan
farid,farid123
farmacia,farmacia
farshid,farshid
faxadmin,faxadmin
fct,123456
fedele,fedele
felipe,felipe123
felix,felix
feng,123456
ferenc,ferenc
fergus,fergus
fes,fes
festival,festival
fileshare,fileshare
final,final
firebird,firebird
firefart,123456
firenze,firenze
fiscal,fiscal
fit,fit123
flex,flex
fl,fl
floor,floor
flora,flora123
florentina,florentina
flores,flores
flow,flow123
flume,flume
fm,fm
foo,123456789
foobar,foobar
fork,fork
fortran,fortran
foto,foto
fourjs,fourjs
france,france123
frank,1
franklin,franklin
franziska,franziska
freddy,123456
freedom,freedom
frog,password
frontend,frontend
fs,fs123
ft,ft123
ftp,123123
ftp,1234567
ftp2,123
ftp2,ftp2
ftp,ftp1234
ftpguest,ftpguest
ftp,letmein
ftpserver,123456
ftptest,111111
ftptest,12345
ftptest,123qwe
ftpuser,1
ftpuser,1q2w3e
ftpuser,1q2w3e4r
ftpuser,1qazxsw2
ftpuser2,123456
ftpuser,a
ftpuser,ftpuser12345
ftpuser,passwd
ftpuser,password123
ftpuser,q1w2e3r4t5
ftpuser,qwer1234
ftpuser,root123
ftpuser,test123
ftpuser,zaq12wsx
ftpusr,password
fujimoto,fujimoto
fusihao,fusihao
futures,futures
fvs,123456
fw,fw
fx,fx
fy,fy
gabby,gabby
gaby,gaby123
galia,galia
game,game123
gang,123456
gangadhar,gangadhar123
gaochangfeng,gaochangfeng
gao,gao
gc,123456
geiger,geiger
geoeast,geoeast
georg,georg
ger,ger
gerrit,1234
gerry,gerry
gf,gf
gh,gh123
ghislain,ghislain
giacomini,giacomini
gilberto,gilberto
git,1qaz2wsx
git,a
git,admin123
git,git123456
git,gitusr
gitlab,gitlab123
gitolite,gitolite
git,pass1234
git,password
git,password123
git,root
git,zaqxsw
giuseppe,giuseppe
gjw,gjw
globalflash,globalflash
gm,123456
gmodserver2,gmodserver2
gordon,gordon123
grigore,grigore
griselda,griselda
group,group
growth,growth
gr,password
grq,grq
gtmp,gtmp
gtp,gtp
guan,guan
guest,123321
guest,1234
guest,12345
guest1,guest
guest,1q2w3e
guest,8888
guest,demo
guest,guest
guest,guest123
guest,linux
guest,pass
guohui,guohui
guozp,guozp
gw,12345
h1,h1
h,a
hacluster,hacluster
hadoop,123123
hadoop,123546
hadoop,abc
hadoop,admin
hadoop,hadoop
ha,ha
hall,123456
hamid,hamid
hand,hand
hanel,hanel
hank,hank
hansen,hansen
hanshow,hanshow
harvey,harvey
hayden,hayden
hazem,hazem
hc,hc123
hcz,123456
hdfs,123456
hdfs,123456789
hdfs,hdfs
head,head
health,health
heidi,heidi
helle,helle
hello,123456
henry,henry123
hermes,hermes
hero,hero
hessam,hessam
hg,hg123
hh,hh
hilo,hilo
his,123456
hitleap,hitleap
hj,123456
hjm,123456
hjy,hjy
hkd,hkd
hke,hke
hn,123456
hoang,hoang
homer,homer
honda,honda123
hong,hong123
host,host
hostmaster,hostmaster
hpr,hpr
hpsmh,hpsmh
hrb,hrb
hsm,hsm
hs,qwerty
htt,htt
hua,123456
hua,hua
huangliang,123456
hue,123456
hugo,123456
hui,123456
hui,hui123
hum,hum
hvu,hvu
hy,password
hyq,hyq
hz,hz
hzt,hzt
ice,ice
ifc,ifc
ijc,123456
ikbal,ikbal
ik,ik123
ils,ils
im,im
import,import123
imprime,imprime
info,111111
info,12345
info,12345678
info3,info3
info,abc123
infoadm,infoadm
informix,informix123
informix,informix12345
informix,password
info,root
instagram,instagram
integral,integral
interview,interview
iori,iori
ip,ip
ips,ips
iris,iris123
isaac,123456
isabel,isabel
isabella,isabella
isar,isar123
iskandar,iskandar
isl,isl
itadmin,123456
it,password
it,password123
its,its123
iview,iview
iyu,iyu123
iz,password123
j,123
jabber,jabber
jack,jack123
jacob,jacob123
jager,jager
jahnavi,jahnavi
jairo,jairo
jake,jake
jakub,jakub12345
james,1234
james,james
james,password
janine,123456
janus,janus
jasper,jasper
javier,1234
jaya,jaya
jay,jay123
jb,jb
jboss,jbossjboss
jc,123
jcs,jcs
jd,jd
jdoe,jdoe
jds,jds123
jean,jean
jean,jean1234
jefry,jefry
jenkins,123123
jenkins,123456
jenkins,1q2w3e4r
jenkins,1qaz2wsx3edc
jenkins,git
jenkins,jenkins123
jenkins,jenkins1234
jenkins,password123
jenkins,q1w2e3r4
jenkins,q1w2e3r4t5y6
jenkins,test
jenkins,toor
jenny,123456789
jeroen,jeroen
jerry,jerry
jetty,jetty
jft,jft
jhe,jhe
jh,jh
jhl,123456
jia,jia
jiang,123456
jian,jian123
jie,jie123
jifei,jifei
jimmy,jimmy
jin,jin
jira,jira123
jk,jk
jmb,jmb
jo,123
joan,joan
jody,jody
joe,123
joe,joe123
joh,joh
john,123john
john,a
johnny,123456
jo,jo123
jojo,123456
joker,joker
jonas,jonas123
jordan,jordan
joris,joris
joseph,123456
joyce,joyce123
jozsef,jozsef
jp,jp
jrecalde,jrecalde
jsw,jsw
jt,jt
judy,judy123
julia,julia
julian,julian
juliette,juliette
jupiter,jupiter
juris,juris
justin,nitsuj
justus,justus
jyc,jyc
jyh,123456
jyy,jyy123
kafka,kafka123
kai,123456
kalina,kalina
kal,kal
kamonwan,kamonwan
kanishk,kanishk
kappa,kappa
karen,karen
karen,karen123
karla,karla
karl,karl
katharina,katharina
kaushik,kaushik
kd,123456
keith,keith
kelly,kelly123
keng,keng123
kerry,kerry
kerstin,kerstin
kg,kg123
kha,kha
ki,123456
kia,kia
kibana,kibana
kids,kids
king,king123
kira,kira
kiwiirc,kiwiirc
kj,123456
kk,kk
kkk,kkk123
klaudia,klaudia
kll,kll
knight,knight
kodiak,kodiak
komatsu,komatsu
kontakt,kontakt
krishna,krishna123
kt,123456
kuba,kuba
kuehne,kuehne
kun,kun
kuo,kuo
kurt,kurt
kvm,123
kvm,123456
kwan,kwan
ky,12345
kz,kz
l4d2,123456
labuser,labuser
laemmel,laemmel
lair,lair
la,la
laravel,123456
lars,123456
lasse,lasse
lby,lby
lcm,123
ldapuser,123456
ld,ld
leah,leah
leander,leander
lena,123456
leng,123456
lenin,lenin
lesia,lesia
levon,levon
leyton,leyton
lfc,lfc123
liana,liana123
liang,liang123
liaohaoran,liaohaoran
library,librarylibrary
library,qwertyuiop
libuuid,123456
libuuid,libuuid123
lifan,lifan
liferay,liferay
lihao,lihao
lilei,lilei
lilian,lilian123
lilin,lilin
lin,123456
linda,123
linode,linode
liukai,123456
liu,liu
liuxin,liuxin
live,live
liyinghui,liyinghui
lj,123456
ljh,123456
lj,lj123
ljw,ljw
ljy,ljy
lk,lk
lko,lko
lkt,lkt
l,l
ll,ll
log,123
logger,logger
log,log
logstash,logstash
london,london
lorena,lorena
lori,lori123
lorna,lorna
lot,lot123
louis,louis
lth,lth
ltq,ltq
luca,123456
lucas,lucas
lucia,lucia123
lucky,123456
luis,luis123
luke,luke
lundi,lundi
luo,luo
luoyu,luoyu
lvs,lvs
lxj,lxj
lydie,lydie
lym,lym
lyn,123456
lynda,lynda
lzk,lzk
maciej,maciej
mada,mada
maggi,maggi
magno,magno
mahmood,mahmood
mai,123456
mail1,mail1
mailadmin,mailadmin
mailer,123456
mailman,mail123
mailtest1,mailtest1
mailtest,test123
maint,maint123
mall,mall
mall,mall123
ma,ma
manager1,123456
manfred,manfred
mansour,mansour
mantis,mantis
manuela,manuela
manu,manu
mapred,mapred
marconi,marconi
maria,maria
maria,qwe123
marin,marin
mario,password
markc,markc
markku,markku
martina,martina
martin,martin2
mata,mata
mathew,mathew123
matilde,matilde
matlab,123456
mat,mat
matrix,matrix
matt,123matt
matt,password
maurice,maurice
maurice,test
max,max
max,password
may,123456
mayer,mayer
mb,12345
mb,mb
mc1,mc1
mcguitaruser,mcguitaruser
mc,minecraft
mcm,mcm123
mcserver,mcserver123
mcserv,mcserv
md,12345
mdn,mdn
mediax,mediax
megan,megan
melissa,melissa123
member,member
memcache,memcache
meng,meng123
menu,menu
me,pass
merlin,merlin
mes,mes
mess,mess
meteo,meteo
metin2,metin2
mg,123456
mh,123
mi,123
mia,mia123
michael,123456
michael1,michael1
michi,michi
mick,mick
miguel,miguel
mike,123
mike,1234
mike,123456
mike,changeme
mila,mila
milo,milo
minecraft,1234
minecraft,123456789
minecraft,minecraft123
miner,1
ming,ming
minh,minh
min,min
minter,minter
miwa,miwa123
mj,123
mk,123456
mk,a
mkowal,mkowal
mks,mks
mkt,mkt
mo,123456
momar,momar
mongo,123456
mongodb,mongodb123
monit,monit
monk,monk
monter,monter
mori,mori123
mos,mos
mother,mother
mozart,mozart123
mp3,mp3
mridul,mridul
ms,changeme
msl,123456
ms,ms123
ms,password
mu,1
multparts,q1w2e3r4
munoz,munoz
musicbot,musicbot
music,music
mustafa,mustafa
mxintadm,mxintadm
mydata,mydata
myftp,123456
mym,123456
mysftp,mysftp
mys,mys
mysql,abc123
mysqladmin,mysqladmin
mysql,qwer1234
mysql,ted
mysql,wallpaper
mzy,123456
nadim,nadim123
nagios,1
nagios,nagios24
nagios,nagiospass
nagios,public
nagios,q1w2e3r4
nagios,redhat
nakajima,nakajima
naman,naman
na,na
nani,nani
naomi,naomi
nao,nao
nash,nash
natan,123456
natasha,natasha
nathan,nathan
nathan,nathan123
neeraj,neeraj123
neil,password
neo,123
nestor,nestor
netadmin,netadmin
netapp,netapp
net,net123
network,password
newftpuser,newftpuser
new,new123
new,root
newuser,123456
newuser,newuser123
nexus,1234
nexus,12345678
nginx,1
nick,nick1234
nic,nic
nico,12345
nico,nico
nils,nils
niraj,niraj123
nisa,nisa
nishi,nishi
nisuser,nisuser
nitish,123456789
nj,123
nk,nk
nlp,nlp
nlu,nlu
nn,nn123
nobody,nobody
node,123
node,node
noel,noel
noe,noe
nom,123456
nom,nom123
none,none
nora,nora
notice,notice
notification,notification
novo,novo
nozomi,nozomi
npb,npb
nproc,nproc
ns,ns
nsr,nsr
nss,nss
nss,nss123
nt,123456
nuke,nuke
nvidia,123456
nvidia,nvidia123
nxd,nxd
nxj,123456
nxuser,nxuser
nz,nz
o2,o2
odoo,1234
odo,odo
odoo,password
office,12345678
office,office
oj,123456
oleg,passwd
oliver,123
omnix,omnix
om,om
onishi,onishi
online,online
ono,ono
ood,ood
op,123456
opc,opc123
openerp,openerp
openlava,openlava
opp,opp
opus,opus
oracle,11111111
oracle,12345
oracle2,oracle
oracle2,oracle2
oracle,abcd1234
oracle,admin123
oracle,oracle1
oracle,oracle1234
oracle,qweasd
oracle,ubuntu
oracle,vandam2432462
oraprod,oraprod123
oratest,oratest
orathai,orathai
osmc,osmc
ospite,ospite
oto,oto
ou,123
ovidio,ovidio
owncloud,owncloud123
oyvind,oyvind
pablo,pablo
panda,123456
panda,panda
pang,pang
panxiaoming,panxiaoming
parfait,parfait
paris,paris
park,123456
parker,parker
pascal,123456
pascal,pascal123
pascual,pascual
pasquale,pasquale
pastor,pastor
patricia,1234
patrick,patrick
paul,12345678
paula,password
paula,paula123
payment,payment
pc,1234
pd,12345
pde,pde
pdi,pdi
pdv,pdv
pearson,pearson
peihongtao,peihongtao
peng,peng
penis,penis123
pepe,pepe
peru,peru
peter,changeme
pf,pf123
pfz,123456
phim18h,123456
phi,phi
photo,1
php,php
piotr,piotr
pippin,pippin
pjg,pjg
pkg,pkg
plasma,plasma
play,play
plc,plc
plex,123
plex,12345
pma,pma
pn,123
poc,poc
pokemon,pokemon
polis,polis
polkitd,polkitd
pop,pop
portal,portal
portal,portal123
portia,portia
pos,123456
pos,pos
posp,posp
postgres,111
postgres,1111
postgres,121212
postgres,12345678
postgres,123qweasd
postgres,a
postgres,a1b2c3
postgres,admin
postgres,admin12345
postgres,adminadmin
postgres,passwd
postgres,password
postgres,postgr3s
postgres,postgres
postgres,q1w2e3r4
postgres,qaz123
postgres,qazwsx
postgres,qwerty12345
postgres,test
postgres,zaq12wsx
postgres,ztesoft
ppp,123456
prasad,prasad
prateek,prateek
premier,premier
presta,presta
prl,prl
pro,123
produkcja,produkcja
proftpd,proftpd123
prometheus,123456
protect,protect
prueba,a
prueba,abc123
psg,psg
psql,psql
ptm,ptm
public,123
purvi,purvi
push,push
pwa,pwa
pz,123456
qcp,qcp
qemu,qemu
qfs,qfs123
qifan,qifan
qqq,123456
qs,qs
quange,wangbaduzi
query,query
quimica,quimica
r,123
radha,radha123
radio,1234
radu,123456
radware,radware
raghu,raghu
raissa,raissa
raja,123456
rajat,rajat
rajesh,rajesh
raju,raju123
rakesh,rakesh
rakesh,rakesh123
ramesh,hsemar
ramon,ramon
ram,ram
ram,ram123
rascal,rascal
raul,raul
ravi,ravi123
ray,ray123
rcf,rcf
rcg,rcg
rc,rc123
read,read
redis,12345
redis,123456
redis,redis123
redmine,123
redmine,r3dmin3
redmine,redmine
ref,123
reggie,reggie
regina,regina
remote,password
ren,123456
renard,renard
rena,rena
render,render123
resin,123456
resolve,resolve
rf,123
rf,rf123
rhino,rhino
rhode,rhode
richard,123qwe
richard,changeme
rico,rico
riz,riz
rjc,123456
rk,123456
rkb,rkb
robbin,robbin
rob,bor
roberta,roberta
roberto,roberto123
robin,123456
robo,robo
robyn,123456
roger,roger
rolando,rolando
rolands,rolands
roman,roman
ron,123456
rony,123456
root,1111111
root,111122
root,111222111
root,112211
root,112233aabbcc
root,112233qq
root,11pamela
root,1227
root,123123321
root,123123qq
root,1234
root,1234512345
root,1234554321
root,123456789123
root,1234567899
root,123456789q
root,123456789qwerty
root,123456789vasile
root,123456987
root,123456gg
root,123456qwe
root,123456x
root,123654
root,123aa123
root,123asd123
root,123ok
root,123qw
root,123qwe123qwe
root,123qwezxc
root,123web123
root,123zxc123
root,124578
root,126745317
root,13579
root,147896325
root,159159
root,1972
root,1986
root,1a2b3c4d5e6f7g
root,1q2w3e4r5t6y7u8i9o
root,1q3e2w4r
root,1qaz1234
root,1qaz2wsx1234
root,1qaz2wsx3edc
root,1qazxcvb
root,1qazxdr5g
root,1qazxsw23edc
root,1qwe2asd3zxc
root,1zaqxsw2
root,2112
root,2468
root,258369
root2,enisenes12
root,2wsx3edc
root,3w3w2q2q1
root,4
root,44444
root,5121
root,5211314
root,654321
root,654321abc
root,777777
root,789123
root,789456123
root,88888888
root,a
root,a1234
root,a1b2c3d4e5
root,a1s1d1f1g1h1j1k1l1
root,aa123456789
root,aaa111
root,aaa123
root,aabb1122
root,abc123456
root,abcd1234
root,abcsinc1
root,access14
root,ace123
root,activ8
root,admin111
root,admin1235
root,admin888
root,admin963
root,adminme
root,adminpass123
root,adminpwd
root,adminroot
root,adminserver
root,adriano
root,ahmed
root,ahmet
root,ajifenxgjl
root,akemi
root,alessio
root,ali
root,ali123456
root,altavista
root,amazon1
root,ananas
root,andrea
root,andrea123
root,andrew
root,apaajaboleh
root,apexsoft
root,apollo
root,aqwzsx
root,ariane
root,arma3server123
root,as
root,asd123123
root,asdasd123456
root,asdf123
root,asdf123456
root,asdffdsa
root,asdfg
root,ashok123
root,aslpls123
root,aspect
root,au4a83
root,aurora
root,avi123
root,b4n4n4
root,bajingan
root,bangsat
root,beowulf
root,bharat
root,bigboss
root,bigcock
root,bingo
root,bismillah
root,bitch
root,bitnami
root,bitrix
root,bitrix123
root,bj123456
root,black
root,black123
root,bobiscool
root,bonjour
root,bosco
root,boss
root,caonima123
root,carlos
root,carter
root,castel
root,cd
root,changed
root,changeit
root,christian
root,chrome
root,cinema
root,citrus
root,city
root,class
root,cloud123
root,coco
root,comein
root,condor
root,cool1234
root,cooper
root,cyclone
root,daedalus
root,dang
root,dddddd
root,debbie
root,dev1234
root,digital1
root,docker
root,dovecot
root,dragon99
root,dragos
root,dsideal
root,dwane
root,emporium
root,enable
root,enterprise
root,fanta
root,fenghuang
root,fffffff
root,finish
root,fish
root,francois
root,fuckyou1
root,fuckyou22
root,gaston
root,gautam
root,gbcmrf
root,gemini123
root,gender
root,gounder
root,grey
root,guowei
root,gw1admin
root,h123456
root,hackandy
root,hai
root,haiyang
root,halt
root,happy
root,hd123456
root,holding
root,honey
root,hugo
root,hunter
root,ifconfig
root,ilovelinux
root,intelinside
root,internet
root,invarfulumimama
root,ireland1
root,iulia
root,iwantu
root,jack123
root,java
root,jinsheng
root,john
root,jojo
root,js123456
root,jules
root,karasz
root,kareem
root,kleenex
root,kokakola
root,kokos
root,kosong
root,kwk2268
root,labrador
root,lenovo123
root,leoleo
root,libin
root,libreelec
root,lihui
root,linux7
root,lishuai
root,log
root,lonewolf
root,loren
root,luciano
root,luis123
root,m
root,magellan
root,main
root,mama
root,mama123
root,manager123
root,manasseh
root,manu
root,maradona
root,marshall
root,mast3r
root,masterkey
root,matrix
root,mcanet
root,meiyoumima
root,memo
root,memory
root,merlin
root,mestre
root,microlab
root,minecraftserver
root,mingming
root,miracle
root,mk123456
root,mohamed
root,money
root,monkey24
root,monroe
root,moose
root,moose123
root,motocross
root,ms123
root,myroot
root,ned
root,new1234
root,notmypassword
root,olivetti
root,onion
root,ovh
root,packer
root,paper
root,pass
root,passport
root,passsword
root,passwd123
root,passwd456
root,password12345
root,password1314
root,password2
root,password222
root,pencil
root,picapica
root,pingwin
root,plokij
root,poiuytrewq
root,pokemon1
root,pokerface
root,printemps
root,pwlamea123
root,q1q2q3
root,q2w3e4r5
root,qaz123123
root,qazplm
root,qazwsx321
root,qazwsxedc
root,qazwsxedc123
root,qazxsw123
root,qingshan
root,qq1234
root,qqqqqqq
root,qqqwww
root,qt123456
root,qwasyx21
root,qwe123456
root,qwe123qwe123
root,qweqwe123123
root,qwer4321
root,qwerfvcxz
root,qwerpoiu
root,qwerty123123
root,qwerty12345
root,qwezxc123
root,r2d2c3po
root,radio1
root,rahasia123
root,rainsoft
root,rambo1
root,raptor
root,ravi
root,red123
root,redhat123456
root,redhatredhat
root,redirect
root,replace
root,reset
root,rising
root,ronaldo123
root,roooot
root,root123
root,root123456789
root,root1235
root,root999
root,rootpw
root,rootroot1234
root,rootserver
root,roott
root,roottoor
root,safety
root,samsung123
root,sandbox
root,sandy
root,scricideea
root,script
root,senha123
root,seoul
root,serena
root,sharon
root,shihming
root,showme
root,signature
root,soccer5
root,soeusei
root,softbiz4
root,solution
root,spiderman
root,sr1234
root,start123
root,starwars123
root,steamserver
root,stingray
root,sunway
root,supervisor
root,swinger
root,sync
root,system1
root,tech1
root,tesseract
root,test123test
root,test888
root,testing1
root,testing12345
root,thebest
root,thinker
root,tiptop
root,tiradentes
root,titanic
root,tony1234
root,toor
root,toor321
root,triskelion
root,trusttrust
root,tsunami
root,tucker
root,ultimo
root,undercover
root,univers
root,unixunix
root,vfr43edcxsw2
root,video
root,vision
root,vladislav
root,vmware123
root,wakeup
root,wander
root,wayne
root,webmaster
root,wednesda
root,weiphone
root,wildfly123
root,winter
root,wired
root,wkdskfk
root,woodnn
root,wortel
root,woshitiancai
root,woyebuzhidao
root,wsxedc
root,www
root,x
root,xiaoyu123
root,xinghui
root,xsw2cde3vfr4
root,yang
root,ytc
root,z1x2c3v4b5n6m7
root,zaq12wsxcde34rfv
root,zaq1xsw2cde3
root,zenalyn
root,zenith
root,zhang123
root,zhu88jie
root,zhuchao
root,zoli
root,zorro
root,zx123456
root,zxasqw12
root,zxcasdqwe123
root,zxcvbnm123
root,zxmzxm
root,zxsaqw21
root,zzzzzzz
roozbeh,roozbeh
rorie,emosca
rosana,rosana123
rosa,rosa
ross,password
router,router
rr,123123
rrp,rrp
rr,root
rtc,rtc123
rtest,rtest
run,run
ruser,ruser
rus,rus
rustserver,1
rustserver,123456
rustserver,rustserver
rz,rz123
s,123
s1,s1
saba,saba
sabnzbd,sabnzbd
sachin,sachin123
sadegh,sadegh
sad,sad
safeuser,safeuser
said,said
saint,saint
sakai,sakai
saku,saku
sales1,sales1
sales,password
salma,salma
sam,123456
samba,111111
samba,123123
samba,samba123
samer,samer
sammy,password123
sam,password
sandbox,sandbox
sandra,sandra
sandy,qwerty
sangeeta,sangeeta
sanket,sanket
san,san123
sa,password
sarah,sarah123
sari,sari
sartorius,sartorius
sato,sato
scanner,123456
schaal,schaal
schedule,schedule
schejbal,schejbal
schmidt,schmidt
school,school
scj,scj
scott,scott123
sdtdserver,password
sdv,123456
seafile,root
sebastiano,sebastiano
security,security
seino,seino
send,123456
send,send
senju,senju
sensor,sensor
senthil,senthil
serban,serban
sergio,sergio
server,111111
server,12345
server,123456789
server2,server2
server,master
service,12345678
service,service123456
services,services
servidor,123456
setup,123456
setup,setup123
seven,seven
sftp,sftp
sge,sge
sgs,123
shannon,shannon
shantel,shantel
shao,shao123
share,1
share,123
share,12345
share,share
sharon,123
sharon,sharon
shashank,shashank12
shastry,shastry
shaun,shaun
shaun,shaun123
shell,shell123
sheng,sheng
sheng,sheng123
shipping,shipping
shock,shock
shop,123456
shoutcast,123456
sh,qwerty
shreya,shreya
shs,shs
shu,123456
shuang,shuang
shy,shy
sign,sign
sig,sig
silvan,silvan
simon,123456
sinusbot,123123
sinusbot,1234
sinusbot,bot
sinus,sinus123
sisadmin,sisadmin
sistemas,sistemas
siti,siti
sjy,sjy
skan,skan
slave,slave
slc,slc
sleeper,sleeper
slist,slist
sl,sl123
smb,smb
smkim,smkim
smrtanalysis,smrtanalysis
sms,sms
sneh,sneh123
snoopy,snoopy
snort,snort
snow,snow
sn,sn123
sogo,sogo
sohail,sohail
soldat,soldat
solr,solr123
sonar,sonar1234
song,song
sony,sony
sophie,sophie123
soporte,soporte1
sorrentino,sorrentino
sos,sos
soumu,soumu
spamd,spamd
spark,12345678
speech,speech
spencer,spencer
spy,spy
sq,123456
sqlite,sqlite
squid,squid
sr,123456
sri,sri
sr,sr123
srv,srv
s,s
sshd,sshd
sshvpn,123456
sso,sso
ssp,123456
ssss,ssss
stacy,stacy
stacy,stacy123
staf,staf
stagiaire,stagiaire
stan,stan123
sta,sta
station,station
stc,stc
steam,1
steam,1q2w3e4r
steam,steamsteam
stefania,stefania
stefanie,stefanie
steve,qwerty
store,123456
structural,structural
stu,123
student1,12345
student,123qaz
student,1q2w3e4r
student2,123456
student3,student3
student,student1234
student,student123456
subrat,subrat
sue,sue
sui,sui
sum,sum123
sunu,sunu
suo,123456
super,12345
superman,superman123
super,super123456
superuser,superuser
supervisor,admin
support,123123
support,support
support,support11
survey,survey
suwit,suwit
svn,1qaz2wsx
svnuser,svnuser
swen,swen
sword,sword
sw,sw
sxc,sxc
sy,123456
sys,1qaz2wsx
sysadmin,letmein
sysadmin,qweasd
sysadmin,sysadmin123
system,12
system,admin
system,password123
sy,sy123
sz,sz
t24dev1,t24dev1
taguchi,taguchi
taha,taha123
taiga,123
taiga,123456
taiga,taiga
taiga,taiga1
takahashi,takahashi
tamara,tamara123
tam,tam
tan,123456
tao,123456
taolider,taolider
tao,tao
tas,tas123
tbd,tbd
tcu,tcu
te,123456
team4,team4
teamspeak,123
teamspeak3,123456
teamspeak,abc123
teamspeak,admin
teamspeak,qwerty
teamspeak,teamspeak
teamspeak,teamspeak123
teamspeak,ts3
teamspeak,ts3server
teamspeak,ts3ts3
teamspeak,tsserver
tea,tea
tecnici,tecnici
telefonica,telefonica
temp,123123
temp1,abc123
tempo,tempo
temp,temp123
teng,teng
tep,tep
teresa,teresa123
terraria,123456
terrariaserver,123456
tesla,tesla
test,111111
test1,111111
test,11111111
test,111222
test1,1234567
test,123abc
test1,abc123
test1,pass
test,1q2w3e4r5t
test1,test1
test1,test1123
test1,test1234
test,1z2x3c4v
test2,1
test2,test2test2
test3,123456
test3,test
test4,test
test9,123
test,a123456
testaccount,testaccount
test,alan
test,asd123
test,asdf123
teste,12345
teste,123456
teste,teste123
testftp,1qaz
testing,654321
testing,q1w2e3r4t5
testing,testing12345
testmail,123
test,newpass
test,password123
test,password12346
test,password666
test,prueba
test,q1
testserver,testserver
tests,tests
test,test11
test,test1234
testtest,1234
test,test123test
test,test2
testtest,test1234
test,testtesttest
test,ttest
testuser,1234rewq
testuser,admin
testuser,password
testuser,qweasdzxc
testuser,qwertyuiop
testuser,test123
testuser,testtest
testuser,testuser
testuser,testuser123
test,welcome
testwww,wwwtest
tf,12345
tf,tf
theis,theis
the,the
thomas,changeme
thomas,thomas123
tian,123456
tian,tian123
tia,tia
tibco,tibco
tibero6,tibero6
timemachine,timemachine
time,time
tim,passwd
tk,tk123
tmi,tmi
tmp,123456
tmp,12345678
tms,tms
tnc,tnc123
token,token
tom,123456789
tom,asd
tomcat,1qaz2wsx
tomcat,abc123
tomcat,tomcat1
tomcat,tomcat12345
tomcat,tomcat123456
tom,changeme
tomek,tomek1234
tominaga,tominaga
tom,tom1
toni,toni123
tony,1234
toor,123
toro,toro
tose,toso123hack
touch,touch
toxic,toxic
tps,tps
trace,123456
trainee,trainee
training,training
train,train123
trump,trump
try,123456
ts,1
ts,111111
ts3,123
ts3,12345
ts3,123456
ts3,1q2w3e4r
ts3,3st
ts3bot,ts3
ts3,root
ts3server,1
ts3server,12345
ts3,teamspeak
ts3,teamspeak3server
ts3,ts3123
ts3,ts3server
tsa,tsa
tsg,123
t,t
ttf,ismana2121
tt,tt
tui,tui
tunnel,123
tunnel,123456
tunnel,tunnel
tyf,123456
uat,123
ubuntu,11111111
ubuntu,123321
ubuntu,1234
ubuntu,1234567
ubuntu,123mudar
ubuntu,123qweasd
ubuntu,1q2w3e4r5t
ubuntu,abc12345
ubuntu,asd12345
ubuntu,asdf1234
ubuntu,password1
ubuntu,qwe123
ubuntu,root
ubuntu,test123
ubuntu,test1234
ubuntu,user123
ufo,ufo
uftp,root
uftp,uftp
uhd,uhd
uma,uma
umg,umg
unity,unity
universal,universal
uno85,123
updates,updates
upload1,123456
upload,password
user,1
user,123123
user,12344321
user,123user
user1,pass1
user,1q
user1,user123
user1,user1pass
user2,1234567
user2,test
user2,user
user3,test
user3,user123
user,7654321
user7,user7
user,abc123
user,fln75g
userftp,userftp123
username,user
user,password123
user,password1234
user,password123456
user,pico9182
user,qwerty1234
user,root
user,user
usuario,1234
usuario,123456
ute,ute
vae,vae
vagrant,vagrant
valentino,valentino
valeria,valeria
vanesa,vanesa
vbox,test
vbox,vboxpass
vc,123456
veer,veer
vendas,vendas
venta,venta
vf,vf
vg,changeme
vicki,vicki
viktor,123456
viktor,viktor
viktor,viktor123
vinay,123456
vinay,password
vinay,vinay123
viper,123456
virgilio,virgilio
virtual,virtual
virtuoso,virtuoso
visitante,123456
visiteur,visiteur
vit,123456
viva,viva
vivek,root
vk,vk
vlad,vlad
vm,123
vmail,vmail
vmm,123
vmware,password
vnc,1234
vnc,vnc
vnc,vnc1
vnc,vnc123
volumio,volumio
von,von
vpn,12345678
vpn,123456789
vp,vp
vp,vpvp
vsftpd,123456
vss,vss
vs,vs123
vtcbikes,vtcbikes123
vx,vx
vyatta,123456789
w,123456
wallace,wallace
wangjinyu,wangjinyu
wangli,wangli
wangli,wangli123
wangying,wangying
wasadmin,wasadmin
was,was
wa,wa
wc,123456
wcj,123456
wc,wc
wc,wc123
web1,123456
web,1234
web,12345
web,1qaz
webadmin,admin123
webapp,webapp123
weblogic,1
weblogic,12345678
weblogic,1234qwer
weblogic,weblogic123
weblogic,weblogic1234
weblogic,weblogic123456
webmaster,123456789
webmaster,123546
webmaster,webmaster123
webroot,webroot
weixin,123456
welcome,welcome
wellington,wellington
wenbin,wenbin
wgr,123456
wildfly,password
william,test
willie,willie
willy,willy
wim,123
win,123456
wingate,wingate
winnie,winnie
winter,winter
win,win
wiseman,wiseman
wist,wist
wjy,wjy
wmc,wmc
wmg,wmg
wol,wol
won,won
wordpress,12345
wordpress,1234567
wordpress,wordpress123
word,word
wp,test
wp,wppass
wrf,wrf
wr,wr123
wsu,123456
wuwu,wuwu
www,111111
www,abc123
www,admin
www,asdfg
www,qwertyuiop
wxd,123
wxj,wxj
wyf,wyf
wyg,wyg
wyl,wyl
wyq,123456
wy,wy
x,1234
xb,123456
xbmc,xbmc
xe,xe
xh,123
xiao,123456
xiao,xiao
xing,xing
xiongjiayu,xiongjiayu
xiong,xiong
xixi,xixi
xm,123
xmh,123456
xochitl,xochitl
xor,xor
xpq,123456
xqy,123456
xr,xr123
xt,xt
xu,123
xuan,123456
xulei,xulei
xv,xv
x,x
xx,123456
xxx,xxx123
xyc,xyc
xy,xy
xzw,123456
xz,xz
yago,yago
yamada,yamada
yayan,yayan
yb,123456
yed,yed
yelena,yelena
yfc,yfc
yfs,yfs
yfu,yfu
yhf,123456
yh,yh
ying,123456
yj,123456
yl,yl
yo,1234
yohann,yohann
yolanda,yolanda
yoshi,yoshi123
yrd,123456
ysp,ysp
ys,ys
yuan,123456
yuanchao,yuanchao
yuan,yuan
yuchen,yuchen
yutianyu,yutianyu
yvonne,yvonne
yxh,123456
yyf,yyf
yyn,yyn
yyy,123
yy,yy123
z,123456
zabbix,zabbix321
zach,zach
zb,123
zbj,zbj
zcc,zcc
zdy,123456
zeus,zeus123
zhanglei,zhanglei
zhaoshaojing,zhaoshaojing
zhaowei,123456
zheng,zheng
zhou,123
zhouchen,zhouchen
zhou,zhou
zimbra,123qwe
zjy,123456
zjy,zjy
zkj,zkj
zk,zk123
zl,zl
zms,zms
zn,123456
zoe,zoe
zookeeper,123456
zope,test
zoran,zoran
zp,zp
zul,123456
zulma,zulma
zxy,123
zy,123
zyc,zyc
zz,123
zz,12345
zzh,zzh123
zzq,zzq
zz,zz123
