,
1,1
123456789,guest
123456,laura
123456,wangzy
123456,web
123,root
15,15
19,19
1a2b3c,az
a1,123456
a,123
aa,123456
aaaaaa,aainftp
aaron,password
ab,123456
abc,1234
abc,123qwe
abc,george
abc,szgross
abhay,abhay123
abhijith,abhijith
aboss,aboss
abuseio,abuseio
acap,acap
acct,acct
ada,123456
ad,ad123
adam,123abc
adam,abcd
adam,adam
adam,password123
adela,123456
adey,adey
adi,adi
adi,admin
adm,123456
admin,
admin1,123
admin,123456
admin,123qweasd
admin,123qweasdzxc
admin,123qwer
admin,123root123
admin,123root321
admin,1a2s3d
admin,1q1q1q
admin,1q2w3e
admin,1qaz2wsx
admin,1qaz321x
admin,1qazcde3
admin,1z2x3c
admin,2222222
admin2,admin123
admin6,admin6
admin,7777777
admin,abc1234567
admin,abc123456789
admin,abcd12
admin,abcd123456789
admin,abcde12345
admin,access
admin,admin
admin,admin1234
admin,admin2
admin,admin222
admin,admin321
admin,adminadmin
admin,aerohive
admin,asd1
admin,asdf1
admin,asdf12
admin,asdf12345678
admin,asdfgh
admin,asdlkj
admin,asdlkj123
admin,cccccccc
admin,changeme
admin,debian
admin,demo123
admin,demo12345678
admin,deploy12345
admin,dev12
admin,dev12345678
admin,dmin
admin,eric
admin,git123456
admin,hduser12345
administrador,admin
administrator,111111
administrator,admin
administrator,guest
administrator,sysadmin
admin,love
admin,mahlon
admin,miccpepw1
admin,microbusiness
admin,mit
admin,oracle123
admin,pa55word
admin,pass12345678
admin,passion12
admin,password
admin,password1
admin,password1234
admin,peter
admin,postgres123
admin,q1q2q3q4
admin,q1w2e
admin,qawsed
admin,qazwsx
admin,qazxsw
admin,qd8899xyz
admin,qqq111
admin,qwaszx
admin,qwe
admin,qwe123456
admin,qweasd123
admin,qweasd789
admin,qwedcxz
admin,qwerqaz
admin,qwert
admin,qwerty123456
admin,qwertyuiop
admin,root
admin,root1234
admin,root1234567
admin,simple
admin,support
admin,sysadmin
admin,telus
admin,test
admin,ubnt
admin,upload123
adminuser,useradmin
admin,wolwerine
admin,zaq12wsxcde3
admin,zaq1xsw2
admin,zaq1xsw2cde3
admissions,admissions
adm,password
adriance,adriance
agora,agora
agung,agung
agustina,agustina
ahl,ahl
ahmet,123456
akee,akee
akira,akira
alanturing,alanturing
alban,alban
alberto,alberto
alderete,alderete
alex,alex12345
alfa,alfa
alfresco,alfresco
alias,tester
alink,alink
almir,almir
alumni,q1w2e3
alupigus,alupigus
amadeo,amadeo
amanda,123
amavis1,12345
amavis1,qazwsx
amavis,pass123
amber,amber
america,america
amir,amir
amsftp,123456
amssys,123456
anathan,anathan
andrea,andrea
andrew,password
andy,123
andy,12345
andy,12345678
andy,andy
andy,andy123
angela,angela123
angel,qweasd
anita,anita
anjana,anjana
anna,anna
anna,pass
anon,anon123
anonymous,1234
ansible,ansible123456
ant,ant
anthony,12345
anto,anto
antonia,antonia
antonio,antonio
apache,123456789
apache,apacheapache
apache,root
ap,ap
api,ap1pass
apn,apn
apotre,apotre
appldev,appldev1234
apple,apple123
applsyspub,fndpub
appuser,apppassword
aqu,aqu
arai,arai
archer,archer
areyes,areyes
argus,argus
arjun,arjun123
ark,ark123
ark,root
arkserver,123
arkserver,12345
arkserver,qwerty
arkserver,server
arlette,arlette
arnold,123456789
arnold,arnold
article,article
artifactory,artifactory
artik,artik
arturo,arturo
arun,arun
asakura,asakura
asd,123
asdf,asdf
ase,ase
ashley,ashley123
ashton,123456
aso,aso
assem,assem
atm,sampleatm
auction,123456
audiouser,audiouser
austin,austin123
auto,auto
avis,123456
aws,password
ax,123456
ayush,ayush123
azam,azam
azure,123456
azureadmin,321
azureadmin,password
azureuser,123456
azureuser,azureuser
b,a
backoffice,root
backupdb,backupdb
backup,password
backups,test
backups,test123
backup,test123
bagios,password
bailey,bailey
barret,barret
batman,batman
battle,battle
baxy,baxy
bazooka,wwwdata
bb2,bb2
bb,bb
bbj,password
bcr,bcr
bd,bd
beatriz,beatriz
bei,bei
bender,bender
benny,12345
ben,okmnji
bernard,bernard
bernie,bernie
beth,beth123
bftp,bftp
bhagirath,bhagirath
bh,bh
bill,1qaz2wsx
bill,qwerty
bingo,bingo
bis,bis
bitbucket,bitbucket
bitcoinj,bitcoinj
bizf,bizf
bjkim,bjkim
bkp,bkp
bludgeon,veil
board,board
boat,boat
boc,boc
boise,boise
bon,bon
bondj,bondj
bookie,bookie
booking,booking
booking,booking123
bot,123123
bot,12345678
bot,123456789
bottos,bottos
bpadmin,123
bpadmin,123456
bpadmin,321
bpadmin,test
bp,bp123
bra,bra
branch,branch
broker,broker
bruce,password
bsc,bsc
bserver,sbserver
bss,bss
bugzilla,123456
cacti,123456
cacti,cacti1
caddy,caddy
caddy,centos
cai,123456
calzado,calzado
cameron,cameron
camila,camila123
camille,camille
campus,campus
canada,canada
carlos1,carlos1
cartv,cartv
cassie,cassie123
castis,password
catchall,123456
catering,catering
ccc,changeme
cct,cct
cdouglas,cdouglas
cecily,cecily123
cele,admin
celia,celia
celso,celso
centos,123
centos,12345678
cesar,123456
ch,123
chain,chain
changeme,sander
chantal,chantal
chao,123456
charles,123
charles,charles
charles,selrahc
charlotte,password
chase,chase123
chava,chava
chef,123
chef,123456
chemistry,test
cherry,cherry
chile,chile
chinarb,chinarb
ching,ching123
chocolateslim,123123
chou,chou123
chris,chriss
chris,password
christian,christian
ci,123456
cintia,cintia
cinzia,cinzia
cis,cis
cisco,ciscocisco
ciuly,ciuly
cl,123
claire,claire
clement,clement
cloud,12345
cloudadmin,cloudadmin
cloud,cloudcloud
clovis,clovis
club,club
cms,cms
cod4,cod4
cod,cod
cody,cody
coeadrc,123
coin,coin
collin,collin
colorado,colorado123
confa,confa
conf,conf
configure,configure
configure,password
confluence,confluence123
connect,a
conrad,conrad
console,123456
contact,contact123
contact,hostmaster
contador,contador
content,test123
cop,cop
copie,copie
couchdb,123456
couchdb,couchdb
couchdb,couchdb123
courier,courier123
cpanel,cpanel
cperoot,nasional
cpsrvsid,cpsrvsid123456
craig,passwd
cristina,cr1st1na
cristina,cristina123
cristopher,cristopher123
croehler,croehler
cron,test
crysler,crysler
csadmin,csadmin
csgo,123
csgo,csgoserver
csgoserver,1234
csgoserver,12345
csgoserver,csgoserver1
csgosrv,123456
csgosrv,csgosrv
csm,csm
csp,csp
css,css123
csserver,1234
csserver,csserver123
cssserver,123456
cssserver,css
cssserver,cssserver
cssserver,omn
ctxdemo,ctxdemo
cuan,123456
cu,cu
cuentas,cuentas
cug,cug
cui,123456
cunningham,cunningham
customer1,password
customer,letmain
cyber,sc
cynthia,cynthia
cyrus,123
cyrus,cyrus
cyrusimap,cyrusimap
damiano,damiano
daniel,123
daniel,12345
daniele,daniele123
dan,nad
dante,dante
dany,123456
darora,darora
data,123456
database,database
data,data
data,data1
dave,changeme
dave,dave123
dave,davedave
david,david123
db1inst1,db1inst1
db2fenc1,test
db2fenc3,db2fenc3
db2inst1,1qaz2wsx3edc4rfv
db2inst1,1qaz321x
dbuser,dbuser
dbvision,dbvision
ddd,ddd123
dean,dean123
dean,password
deb,deb
deb,deb123
debian,12345
debian,debianuser
debian,temppwd
dee,dell
dell,123
dell,dell123
delphi,delphi
delphine,delphine
delta,delta
deluge,123
dementia,dementia
demjen,demjen
demo,a
demo,demo1
demo,zxcvbn
den,123456
denis,123456789
dennis,dennis123
deploy,1111111
deploy,123132123
deploy,1234
deploy,123412345
deploy,12345
deploy,123456789
deploy,123qwe123
deploy12,root
deploy,1a2s3d4f
deploy,1qazcde3
deploy,1qsx2waz
deploy,a11b12c13
deploy,a123456
deploy,a1b2c3d4
deploy,abcd123456789
deploy,admin
deploy,asd123
deploy,debian1234567
deploy,debian123456789
deploy,deploy12
deploy,deploy1234567
deploy,dev123
deploy,dev1234
deploy,developer1234
deploy,developer123456
deployer,123
deployer,123456
deployer,12345678
deployer,deployer123
deploy,git12
deploy,git123
deploy,git123456
deploy,hadoop123
deploy,hduser12345678
deploy,oracle1234567
deploy,pass
deploy,pass123
deploy,password12345
deploy,password55
deploy,q1w2e3r4t5
deploy,qazw1234
deploy,qazwsx123
deploy,qw
deploy,qweasd
deploy,qweasdzxc2
deploy,qwerty12
deploy,qwerty1234
deploy,qwertyui
deploy,root123
deploy,test12345
deploy,ubuntu1234
deploy,ubuntu123456
deploy,user123
design,design
designer,designer
desliga,desliga
dev,1q2w3e4r
dev,1qaz2wsx
dev,changethis
dev,dev1
dev,dev1234
dev,devpass
developer,123
developer,12345
developer,12345678
developer,developer
developer,developer1
developer,pass
devhdfc,devhdfc
dhan,dhan
dian,123456
diana,password
digiacomo,digiacomo
digitalocean,digitalocean
dinesh,1234
dino,dino
director,director
disco,disco
discover,discover
discovery,discovery123
divine,divine
dmcserver,dmcserver
dms,dms
dns,dns
do,123
docker,12345678
docker,docker123456
docker,tcuser
dods,123456
donatas,donatas
dong,dong
doug,123456
download,12345
download,download1
download,downloadpass
dragan,dragan
drbones,drbones
driver,driver
drupal,drupal123
dsjtcg,passwd
dspace,dspace
dsp,dsp
dst,dst
dst,dst123
d,system1
duanxd,duanxd
dustin,dustin
dylan,dylan123
dzldblog,dzldblog
earleen,earleen
eat,eat
eatme,eatme
eca,eca
ec,ec123
echo,123456
eco,eco
ecommerce,ecommerce
eddy,a
edgar,edgar
edi,edi
editor1,editor1
ed,password
edp,edp
edu,1q
eduar,eduar
edu,edu
eduscho,eduscho
edward,edward123
eelet,eelet
efm,efm
eileen,eileen123
ekp,ekp
elastic,elastic123
elastic,elasticsearch
elasticsearch,12345678
elasticsearch,elasticsearch
elbo,einstein
eleanoor,batuhan
elephant,elephant
elias,elias
elizabeth,elizabeth
elyzabeth,elizabeth
em,em
emserver,emserver
endbenutzer,endbenutzer
enquiries,enquiries
eom,eom
erik,erik
erp,erp
es,123456789
es,654321
esau,esau123
esmech,esmech
esther,passwd
estrella,estrella
eternity,eternity
ethan,ethan
ethos,ethos123
eugene,q1w2e3r4t5
eugenia,eugenia
eva,eva123
evangeline,evangeline
eveline,eveline
evm,evm
exit,exit
extdemo2,extdemo2
fabien,deploy
factorio,1234
factorio,12345
factorio,pass123
facturacion,123456
falabella,falabella
falcon,falcon
fanny,fanny
fauro,123456
fax,fax123
fcweb,cele
felix,felix
fengzf,fengzf
ff,ff
fi,123456
fierro,fierro
filip,filip123
filter,filter
finger,a
firefart,123456
fiscal,fiscal
fish,adminadmin
fld,fld
flower,flower123
fof,123456
fof,fof
fofserver,fofserver
foradian,foradian
forum,forum
fram,ivan
francis,francis
frank,frank123
frankr,frankr
fred,fred123
freebsd,freebsd
frida,frida123
ftp1,123
ftp1,123456
ftp,abcdefg
ftpadmin,test
ftp,ftpftp
ftp,ftpuser
ftp,ptf
ftp,qwerty
ftproot,ftproot
ftpserver,ftpserver
ftptest1,ftptest1
ftpuser1,123456789
ftpuser1,ftpuser1123
ftpuser1,password
ftpuser,1qazxsw2
ftpuser,abcd
ftpuser,asd
ftpuser,ftp
ftpuser,ftpus3r
ftpuser,ftpuser1
ftpuser,guest
ftpuser,letmein
ftpuser,qwerty123
ftpuser,root
ftpuser,test123
ftpuser,wasd
ftpusr,123456
fu,fu
fuki,fuki
gal,gal
games1,123456
games,123qwe
games,asdfgh
gan,123456
gargu,gargu
gass,gass
gast,gast123
gatefold,sure
gaurav,gaurav123
geoeast,geoeast
geometry,123456
gerald,gerald
ggc,ggc
ggg,123
ggg,123456
gg,gg
gg,gggg
gh,gh123
ghost,123123
ghost,123456
gideon,gideon123
gino,fabien
git,1234
git,1234567
git,123git
git,123qwe
git1,coupon
git,1q2w3e4r5t6y
git2,git2
git,321123
gitadmin,gitadmin
gitgit123,git
git,lobby
git,pass1234
git,password1cyber
git,qwerty
gituser,gituser
git,wolwerine
giulia,giulia
glassfish3,glassfish3
gmod,gmod
gmodserver,12345678
gmodserver,123456789
gmodserver,1qaz2wsx
gmodserver,gmodserver
gmodserver,gmodserver123
gn,123456
gn,gn123
godzilla,godzilla123
gopher,gopher
goran,goran
gorges,gorges
gpadmin,test
gp,gp
gq,gq
graham,graham
green,green
grid,password
grid,test123
grigore,robert
gsm,gsm
guard,guard
guest,123123
guest,123qwe
guest,1q2w3e
guest,1qaz
guest,4321
guest,7654321
guest,abc1234
guest,abcd123
guest,pass
gui,gui123
guillem,guillem
guo,123
gustavo,gustavo123
gw,password
gx,123456
gzw,gzw
h,a
hadoop1,123456
hadoop,12
hadoop,abc12345
hadoop,guest
hadoop,hduser
hadoop,qwerty123456
hagar,hagar
haisou,haisou
halflifeserver,halflifeserver
hans,hans
hans,password
happy,happy1234
harrison,harrison
harrison,harrison123
harry,harry123
harrypotter,harrypotter
hasan,hasan
hbase,hbase123
hdfs123,oracle
header,header
helen,passwd123
helpdesk,12345
helpdesk,changeme
helpdesk,letmein
helpdesk,test123
hemo,hemo
heng,123456
heng,heng
hera,hera
hh,hh
hidden,hidden
hikari,hikari
history,history
hive,123456
hja,hja
hl,123
hldm,123456
hm,123
hm,123456
homer,homer
horse,horse123
host,host
httpd,httpd
http,http123
hue,hue123
hugo,password
hw,123456
hxc,hxc
hxhtftp,hxhtftp
hxx,hxx
hydra,hydra
hyung,hyung
hzh,hzh
ibp,ibp
iec,iec
ifop,ifop
igc,igc
iinstall,123456789
ilog,ilog
im,123456
imageuser,imageuser
import,import123
indra,indra
infa,infa123
info,info
info,pass1
informix,abc123
informix,qwe123
inma,123456
inser,inser
insserver,insserver
inter,charity
internal,oracle
internat,internat
inventario,inventario
inventory,inventory
invite,invite
ipc,ipc
irc12345,test
iresha,iresha
irina,irina
iryanto,iryanto
isabel,isabel
isadmin,isadmin
isc,isc
is,is
it,123
it,12345
itbs,itbs
ivancho,ivancho
ivan,ivan
iwizapp,eleanoor
jack,jack1234
jackson,jackson
jack,tester
jacob,123456
jacques,jacques
jaider,jaider
jair,jair
james,1234
james,12345678
jane,jane123
janine,janine123
jan,password
jason2,123456
jason,jason123
java,java1234
javi,javi
jaxson,jaxson
jc2,jc2
jc3,123456
jeffrey,jeffrey
jeffs,a
jelena,bazooka
jenkins,123
jenkins,123123
jenkins,123456
jenkins,123456789
jenkins,123qwe
jenkins,1qaz2wsx
jenkins,1qaz3edc
jenkins,321
jenkins,jenkins
jenkins,omn
jenkins,password123
jenkins,sniknej
jenkins,test123
jenkins,zaqxsw
jenny123,batuhan
jerry,jerry
jesse,jesse
jessica,tester
jesus,jesus
jethro,jethro
jett,jett
jetty,jetty
jhonathan,jhonathan
jim,123
jim,jim
jira,123456
jira,jira1234
jmartin,jmartin
jobs,jobs12345
johannes,johannes
john,123
john,john
jojo,jojo123
joker,123456
jonathan,jonathan123
jordan,password
jorgetaxy,jorgetaxy
joseph,joseph
jp,jp
jrp,jrp
jsclient,jsclient
jtm,jtm
jts3,jts3
juan,123
juan,12345
judy,a
juergen,juergen
juliane,juliane
juliet,juliet123
jupiter,jupiter
jw,123456
kafka,123456789
kafka,321
ka,ka
kalina,kalina
kal,kal
karen,12345
karim,123456
karina,karina
kathrine,kathrine
kathy,kathy
kawashima,kawashima
kd,kd123
keiv,keiv
kelly,1234
ken,123
ken,ken123
kevin,password
kf,kf123
kibana,123456
kimi,kimi
kinder,123456
king,123
king,king
kiran,kiran
kj,kj
kk,123
kms,kms
kobis,kobis
kodi,kodikodi
kody,fcweb
koha,koha
kongxx,kongxx
konrad,konrad123
kou,123456
kovtim,kovtim
krishna,krishna
kristie,a
kula,kula
kumar,kumar
kun,kun
kuo,kuo
kura,kura
kwalker,kwalker
ky,ky123
kyle,kyle123
lab,123456
lab,password
lachlan,password
la,la
lamama,lamama
lan,123
lang,lang
laptop,laptop
laravel,laravel
lava2,lava2
law,law
ldd,ldd
leaz,leaz
leslie,adminadmin
leticia,leticia
lgb,lgb
liam,liam
library1,letmein
library,newpass
libuuid,123libuuid
lifan,lifan
like,123456
limpa,limpa
linux,1q2w3e
linuxacademy,123
linux,linux1
linuxmint,linuxmint
linux,password1
linuxprobe,linuxprobe
lions,lionspw
lisa,lisa1234
lisa,q1w2e3r4t5
list1,12345
list1,password
liwei,liwei
liza,liza
lloyd,lloyd123
lmendoza,lmendoza
log4j,log4j
loginuser,loginuser
logview,logview
lol,lol
lotta,lotta
louis,louis
louis,louis123
loyal,loyal123
lpd,passwd
lsc,lsc
lsfadmin,lsfadmin
lt,lt123
lucia,lucia123
lucky,lucky123
luis,luis123
lx,123456
lzj,lzj
lztscs,lztscs
m,123
maciej,maciej
mada,mada
madre,madre
magnos,magnos
mail1,mail1
mail,mailtest
mailserver,mailserver
manager2,manager2
manager,manager
manager,managerpass
manju,manju
mansour,mansour
mapr,mapr123
marco,marco123
marconi,marconi
marco,ocram
marek,marek
mariana,mariana
marie,marie123
mario,123
mark,adminadmin
marketing,marketingpass
mark,passwo3
mark,test
mars,mars
martin,123456
martin,nitram
martyn,martyn
marvin,marvin
mass,mass
master,123
master,abc123
master,m4st3r
master,master
master,master1234
mathew,mathew
math,password
matias,matias
matthieu,matthieu
matt,test
maven,maven
maverick,maverick
max,123
maxiaoli,maxiaoli123
maxime,root
maxx,maxx
maya,123456
mayerlys,mayerlys
mc,12
mcadmin,mcadmin
mcserver,1234
mcserver,mcserver
mcserver,servermc
mdc,mdc
media,media
meeting,meeting
meg,meg
melitta,melitta
mel,mel
melo,melo
meme,meme
meng,meng123
messagebus,messagebus
meteo,meteo
miao,miao123
millard,millard
mine,123
minecraft,m1necraft
minecraft,mine
minecraft,minecraft1234
minecraft,passord
minecraft,password
minecraft,qwe123
minecraftserver,minecraftserver
miner,miner
mint,web1
mirna,mirna
mlmb,mlmb
mn,123456
mobile,alpine
mohajeri,mohajeri
mongo,1
mongo,123456789
mongo,321
mongod,123
monitor,1q2w3e4r
moon,123456
morris,morris
mosquera,mosquera
mother,fucker
mpt,123
mr,mr
mt,mt
mt,mt123
munda,munda
musicbot,123
music,music
mustafa,mustafa
mv,mv
mw,123456
mycat,mycat
myftp,myftp
mysql,123
mysql,123456
mysqladmin,mysqladmin
mysqlbak,mysqlbak
mysql,changeme
mysql,mysql123
mysql,mysqlpass
mysql,password123
mysql,test
mysql,test123
mysql,webshang
nagaraja,nagaraja
nagesh,bleutut
nagios,1qaz2wsx3edc
nagios,live
nagios,monitor
nagios,nagios123
nagios,test1234
nano,nano
nareng,nareng
naren,naren
nast,nast
nate,nate
navi,navi
ncs,ncs
neptun,neptun
netapp,netapp
netrouting,netrouting
netscreen,netscreen
new,all2
newnew,new
newsletter,newsletter
news,test
newtemplate,newtemplate
newuser,1
nginx,nginx
night,night
nina,nina123
nita,nita
nmrih,nmrih
n,n
nnn,123
nobody,1234
nobody,aaa
noc,noc
nodes,123456
nora,nora
noreply,123456
normaluser,normaluser
norma,norma
note,note
notice,qing
nproc,nproc
nsotelo,passwd123
nunes,nunes
nvp,nvp
ob,123456
odl,odl
odoo,123
odoo,123456789
odoo,odooserver
oem,akene
office,123qwe
office,office
og,og123
ogura,ogura
ohh,321
oki,oki
oks,oks
oktoberfest,oktoberfest
olapsys,manager
oleg,passwd
olivia,1234
olivia,olivia
onuma,onuma
opc,123456
opc,opcopc
openspirit,openspirit
openstack,openstack
openvpn,123456
openvpn,password
operator,newuser
opo,opo
optic,optic
opuser,opuser
oracle,11111111
oracle,12345
oracle,123456
oracle,12345a
oracle,1qazxsw2
oracle4,oracle4
oracle,admin123
oracle,changeme
oracle,muiema
oracle,okmnji
oracle,opc
oracle,oracleadmin
oracle,osm
oracle,qwe123
oracle,system
oracle,vandam2432462
oracle,zaq1xsw2cde3vfr4
oraprobe,oraprobe
oraprod,oraprod
oratest,oratest
order,order
ordplugins,ordplugins
ordsys,ordsys
org,org
oriiz,oriiz
orion,orion
orlando,123
orlando,orlando123
osmc,osmc
oud,enfold
out,out
ovidiu,ovidiu
ozf,ozf
oz,oz
paci,paci
pad,pad
pagina,pagina
panasonic,panasonic
pang,pang
pang,pang123
paps,paps
parker,parker
parol,parol
pascaln,pascaln
pascal,pascal
pass123,chemistry
pass,a
password1,teamspeak
password,backup3
password,oracle
password,ralph
password,support
patrol,patrol123
paul,123
paul,123456
paul,paul123
pc,123456
peanut,passwd
pedro,1234
pedro,pedro
pen,123
penis,penis
penny,penny
percy,percy
perez,perez123
perforce,perforce
perforce,testwww1
perstat,perstat
pete,pete
peterpan,peterpan
pfs,pfs
phil,phil
phion,123
phion,phion123
photo,123photo123
phpmy,phpmy
php,php
piccatravel,piccatravel123
ping,ping
pinturabh,a1b2c3d4
pj,123456
pl,123
plex,123
plex,123456
plex,plex
plex,plex123
pma,pma
pms,pms
pms,pms123
poa,amvx
pokemon,pokemon
polis,polis
polkitd,polkitd
pooja,pooja
pop,pop
popsvr,popsvr
popuser,popuser
portia,portia
postfix,qwertyuiop
postgre,123456
postgres,1111111
postgres,123123123
postgres,123456
postgres,123qwe123
postgres,123qwer
postgres,123zxc
postgres1,postgres1
postgres,1q2w3e
postgres,1qaz2wsx3edc
postgres,abcd123
postgres,abcde
postgres,admin1121
postgres,administrator
postgres,asd
postgres,asd12345
postgres,asd123456
postgres,asd123qwe
postgres,asdfgh
postgres,asdfhjkl
postgres,asdlkj12
postgres,debian12
postgres,demo123456789
postgres,deploy
postgres,deploy123456
postgres,developer123
postgres,developer123456789
postgres,git12345678
postgres,guest
postgres,hadoop
postgres,hduser123456
postgres,hduser123456789
postgres,oracle12
postgres,oracle123
postgres,oracle123456789
postgres,passpass
postgres,password12345
postgres,postgres12
postgres,q1
postgres,q1w2e3r4t5y6u
postgres,qaz123
postgres,qazxsw2
postgres,qwaesz
postgres,qwaszx
postgres,qweasdzxc2
postgres,qweqweqwe
postgres,qwerqwer
postgres,qwerty123
postgres,qwerty123456
postgres,root12345
postgres,root123456
postgres,root123456789
postgres,ubuntu123
postgres,upload1234
postgres,user1234
postgres,zaq1xsw2
power,power
pp,123456
ppldtepe,ppl123
ppp,123
pptpd,pptpd
prasad,prasad
prashant,prashant
praxis,praxis
princess,princess123
privoxy,privoxy
profile,profile
program,program
proxy1,qazwsx
proxy2,123456
prueba,asd
pruebamovi,pruebamovi
prueba,test
prueb,prueb
psybnc,123456
psybnc,password
pty,pty
pub,123456
public,password123
pub,pub
pul,pul
pul,pul123
puppet,puppet
pup,pup
push,push
pyc,pyc
pydio,pydio
python,123
python,password
q3,123456
q3,q3
qhsupport,password
qhsupport,qhsupport123
qiao,123
qp,qp
qtss,qtss
quinn,quinn
qwe123,admin
qweasd,zope
qwerty,oracle
qwserver,qwserver
r,123456
radius,1q2w3e4r
radware,123
radware,123456
radware,test321
rafael,rafael
rafal,rafal
rafli,rafli
raj,raj
ram,1234
ramon,123456
randy,randy
randy,randy123
rao,123456
raphaell,raphaell
raphael,raphael
rbp,rbp
rdp,rdp
record,record
redhat,1234
redhat,redhat
redis2,re123abc
redis,test
redmine,r3dmin3
redmine,redmine
reem,reem
reinhard,reinhard
relay,relay
remote,remote
renan,renan
rendszergaz,rendszergaz
renee,renee
resolve,resolve
revista,revista
ricardo,ricardo123
ricca,ricca
rihito,rihito
rishi,rishi
rishou,rishou
rkumar34,rkumar34
rlp,rlp
robert1,root
roberto,roberto123
robin,12345
robo,robo
rob,rob123
robson,robson
rock,123456
roger,roger
rohit,rohit123
roman,roman123
rondiney,rondiney
rony,123456
root,12111987
root,1234
root,12344321
root,123456
root,12345678qwe
root,1234567root
root,123456aaa
root,123456qwerty
root,1234admin
root,1234qwer
root,1234zxcv
root,123654
root,123asd
root,123root123
root,123root321
root,1313
root,1324
root,18atcskd2w
root,1q2w3e4r5t
root,1qaz2wsx3edc4rfv
root,1qaz321
root,1qazwsx
root,1qazxcvb
root,1qsx2waz
root2,root
root,2welcome
root,321root321
root,4r3e2w1q
root,654321ytrewq
root,a1a1a1
root,a1s2d3f4
root,abcd1234
root,admin12345
root,admin123456789
root,admin222
root,admin234
root,administrator
root,alabala
root,alpine
root,andrea
root,aqswde
root,asd
root,asdasd123
root,asdf12
root,asdf123456
root,asdf123456789
root,asdfasdf
root,asdfgg
root,ashley
root,baseball
root,bbbb
root,beer
root,bismillah123
root,bitrix
root,business
root,busybox
root,celeron
root,ceshi123
root,china
root,cinema
root,cnr
root,creative
root,cristal
root,debian12345
root,debian12345678
root,debianroot
root,demo
root,demo1234567
root,deploy
root,deploy1234567
root,docker
root,elivis
root,fai
root,fedora17svm
root,fly
root,g1
root,generic
root,george
root,git1234567
root,google1234
root,gounder
root,hackandy
root,hadoop
root,hadoop12345
root,hadoop123456
root,hanmeida
root,hannah
root,harue
root,hduser
root,huateng123
root,hugo
root,iambatman
root,indigo
root,installer
root,ispadmin
root,joker
root,king
root,kkk123456
root,klv123
root,kmi
root,kodiak
root,kwang
root,labrador
root,laserjet
root,libreelec
root,linuxsucks
root,liuya
root,lol
root,ly123456
root,mac
root,matrix
root,mcserver
root,mickey
root,millenium
root,mnbvcxz123
root,monday
root,mother123
root,muiehack6666
root,muiemulta
root,musician
root,nathan
root,ned
root,nokia
root,osmosis
root,pass12
root,pass1234567
root,pass12345678
root,password123
root,password12345678
root,passworded
root,passwords
root,peaches
root,penguin
root,pinkpanter
root,pos123
root,postgres12
root,postgres123456
root,power1
root,pragma
root,present
root,prince
root,public
root,pula
root,q1w2e3r4
root,q1w2e3r4t5y
root,qaz123456
root,qazwsx321
root,qazxsw
root,qq
root,qq123456
root,qqqqqqq
root,qwaszx
root,qwe123qwe
root,qwe789
root,qweqwe123
root,qwert1234
root,qwerty1234567
root,qwerty123456789
root,qwerty654321
root,qwertyu
root,qwertyui
root,redhat
root,redhat12
root,roland
root,rolling
root,rookie
root,root
root,root1
root,root1111
root,root123321
root,root123456
root,root123qwe
root,root321
root,root777
root,rooters
root,royal
root,sep
root,short
root,skleroza
root,smokey
root,starwars
root,state
root,sun123
root,sunsh1n3
root,synopass
root,system1
root,tech1
root,tecnologia
root,test
root,test123
root,test3
root,tom111
root,tomcat
root,toor
root,toor12345
root,toto1234
root,ubuntu1234567
root,ubuntu12345678
root,univers
root,user
root,user123456
root,user1234567
root,user12345678
root,useruser
root,v
root,v2c47mk7jd
root,webmaster
root,whirl
root,wocaonima
root,ww123456
root,xxxxxxxx
root,zcadqe
root,zhanglei
root,zhao123
root,zxc123zxc
root,zxccxz
root,zxcvb
root,zxy123
ross,ross
router,router
rpc,rpc
rpmbuilder,rpmbuilder
rsync,rsync
ruby,ruby123
rumeno,rumeno123
rust,rust123
rustserver,rustserver123
ruth,mysql
rvadmin,rvadmin
rw,rw
sa,123
sabrina,123456
sale,sale
sales,pass1234
sales,sales
salim,salim123
sam,1
samba,12345
samba,samba1
sammy,password
sammy,sammy
samp,123456
samp,samp
sam,sam12345
sanath,sanath
sandi,sandi
santiago,root
santos,santos
sap,sapr3
sara,sara
sari,sari
sa,sa
sa,sa123
sascha,sascha
satheesh,satheesh
sbserver,sbserver
scan,scan
scan,scanner
screener,screener
script,shotten
sebastian,sebastian123
segelinde,segelinde
selim,selim
seller,123456
server,12345678
server1,server1
server,qwer1234
server,qwerty123456
server,root
server,server
server,server123
servers,servers123
server,summer
service,1q2w3e4r
service1,test123
servidor1,servidor1
servidor,servidor123
setup,123456
seymour,seymour
sftp,12
sftp,123321
sftptest,sftptest
sftpuser,123
sftpuser,password123
shadwell,shadwell
share,123456
sheila,sheila123
shi,123
shift,shift
shit,shit123
shop,12345678
shoutcast,shoutcast
shuri,shuri
sidney,123456
silver,silver
silvio,silvio
simon,simon
simple,simple
sinus,1234567
sinusbot,123
sinusbot3,sinusbot3
sinusbot,bot
sinusbot,sinus
sinusbot,sinusbot123
sinus,sinusbot
siret,siret
sistemas,sistemas
siva,siva123
sk,12345
skaner,skaner
sktongren,skrongren
smbguest,123
smb,smb
smbuser,123456
smc,smc
smitty,smitty
smmsp,smmsp
sm,sm
sn,123456
snccsite,reset
sniffer,hatori
socal,socal
software,123456
solicit,ibmadrc
solr,123456
somkuan,somkuan
song,123456
soporte,qazxsw
soto,soto
spamfilter,spamfilter
spamfilter,spamfilterpass
spark,spark
spectre,spectre
spice,spice
splash,splash
sp,sp
sql,sql
ssh,ssh
sshuser,sshuser123
sshvpn,123456
sshvpn,root
sss,sss123
st,123456
stacey,password
start,start123
stas,stas
steam,12345
steam,12345678
steam,123456789
steam,passwd
steam,qwe123
steam,st34m
stein,stein
steve,123456
store,store
stream,123456
strong,strong
student,12345678
student,california
student,educational
student,einstein
student,force
student,ihateteachers
student,student
student,student123456
subhana,subhana
subhash,subhash
sudo,sudo
sui,sui
summer,summer
sun,123456
sunos,sunos123
sun,password
superman,talent
super,super123
supervisor,libreelec
suporte,suporte321
support,111111
support,1qaz2wsx
support,qwer1234
support,support
susana,susana
suzuki,suzuki
svn,qwerty123
svn,svn
swg,swg
sybase,1234
sybase3,sybase3
sybase,okmnj
sync,sync
sysadm,123456
sysadmin,123
sysadmin,123456
sysadmin,admin123
sysadmin,system
sysadm,sysadm
sysadm,sysadm123
sys,manager
sys,oracle
sys,oracle8
sys,syspass
system,1q2w3e
system4,system4
system,oracle8i
tab,123456
taiga,taiga123
take,take
tamara,tamara123
tammie,tammie
tam,tam
tang,123456
tang,tang
tanja,123456
tanja,tanja123
tatiana,123456
tatiane,tatiane
taylor,taylor
taysa,taysa123
tc,tc
team,1
team,pass
teampspeak,1
teampspeak3,12
teampspeak3,123456
teampspeak3,pass
teampspeak3,teampspeak3
teamspeak,12345678
teamspeak2,123456
teamspeak3,123
teamspeak3bot,123456
teamspeak3,pass
teamspeak,passwd
teamspeak,qwe123
teamspeak,t3amspeak
teamspeak,teamspeakteamspeak
teamspeak,ts123
tech,123456
tech,tech123
techuser,techuser
tec,tec
telcel3,telcel3
telefon,telefon
temp,123123
terraria,123
terrariaserver,123456
test,1111111
test1,111111
test1,12341234
test,123123
test123,123
test123,1234
test,123132123
test1234,test1234
test,123asd
test,123qwer
test,123root
test,123root321
test,18atcskd2w
test1,guest
test1,q1w2e3
test,1qaz2wsx
test,1qaz2wsx3edc4rfv5tgb6yhn7ujm
test,1qaz321x
test1,test1
test1,test1test1
test2,123123
test2,2test
test2,guest
test2,letmain
test2,test
test3,qwerty
test4,test4
test5,qwe123
test,7654321
test,a123456
test,a1s2d3f4g5h6j7k8
test,abc
test,abc1234567
test,admin12345678
test,administrator
testappl,testappl
test,asd
test,asd123
testa,testa
test,changeme
test,debian1234
test,debian1234567
test,demo123
test,dev
test,dev1234567
test,developer1234
test,developer12345
test,dust
teste,123qwe
teste1,teste1
tester,123
tester,qwerasdfzxcv
tester,test
tester,tester123
tester,testing
teste,t3st3
testftp,test123
testftp,testftp123
test,git12
test,git123
test,git12345
test,guest
test,hadoop12345678
testing,admin
testing,password321
testing,testing
testman,123testman
test,oracle12
test,oracle123456789
test,pass123
test,passs
test,password123
test,password12345678
test,passworded
test,poiu
test,postgres
test,postgres12345
test,q1w
test,q1w2
test,q1w2e3r4
test,qawsed
test,qazxswedc123
test,qqq
test,qwaszx
test,qwe123qwe
test,qwerty12
test,qwertyu
test,qwertyui
test,root1234567
test,root123456789
tests,1234
testsftp,testsftp
test,test11
test,test12
test,test1234
test,test1234567
testtest,teste
test,testuser
test,tgvrfc
test,toor
test,ubuntu1234
test,ubuntu12345
test,upload
test,upload1234
testuse,321
testuser,123
test,user1234567
testuser,321
testuser,admin123
testuser,test
testuser,testusertestuser
test,wolerine
test,zaq12wsx
tez,tez
tg,123
tgz,123456
tgz,carter
theo,theo
thomas,thomas
thomas,thomas12
thom,thom
tidb,123456
tidb,tidb
timson,timson
ting,ting
tip37,tip37
tju1,tju1
tmoss,tmoss
tmpuser,tmpuser
tom,1a2b3c
tom1,test123
tomas,123456
tomcat,12345678
tomcat,1234qwer
tomcat,abc1234
tomcat,qwer1234
tomcat,tomcat
tomcat,tomcat1
tomcat,tomcat1234
tomek,tomek
tom,test
tom,test123
tom,tom12
toor,test
toor,tooraccount
torg,torg
torgzal,123456
torrent,torrent
tower,tower
trace,123456
tracyf,tracyf
traffic,traffic
train,train123
trial,trial
troncoso,troncoso
tr,tr
truc,truc
ts,1
ts,12345
ts2,123
ts3,1
ts3bot,1234567
ts3bot4,ts3bot4123
ts3bot,teamspeak3
ts3bot,ts
ts3,changeme
ts3server,1
ts3server,123456
ts3server2,ts3server2
ts3server3,ts3server3
ts3server5,123456
ts3server,ts3server
ts3srv,123456
ts3srv,teamspeak
ts3srv,ts3srv
ts3,teamspeak3
ts3,test
ts3,ts3admin
ts3,ts3gaming
ts3,ts3srv
ts3user,1234
tse,tse
ts,sftpuser
tssrv,tssrv
tu,123456
tuan,tuan
tucker,tucker123
tun,123456
tv,123
twintown,twintown123
tw,tw
u1,u1
ubuntu,12341234
ubuntu,123456789
ubuntu123,postgres
ubuntu,123qwe123
ubuntu,123root321
ubuntu,1qazcde3
ubuntu,321
ubuntu,abc123456
ubuntu,abcd12345
ubuntu,abcd1234567
ubuntu,abcd123456789
ubuntu,admin
ubuntu,admin1121
ubuntu,admin1234567
ubuntu,admin222
ubuntu,asd
ubuntu,asd123
ubuntu,asd12345678
ubuntu,asdfghjkl
ubuntu,debian123
ubuntu,debian1234
ubuntu,debian12345
ubuntu,demo12
ubuntu,dev12345678
ubuntu,developer12345678
ubuntu,developer123456789
ubuntu,git1234567
ubuntu,hadoop12345
ubuntu,hadoop1234567
ubuntu,hduser12345678
ubuntu,oracle1234567
ubuntu,pass
ubuntu,pass12
ubuntu,pass1234567
ubuntu,pass123456789
ubuntu,password
ubuntu,password1234
ubuntu,q1w2e3r
ubuntu,qaz74123
ubuntu,qw
ubuntu,qwe123
ubuntu,qweasd
ubuntu,qweqweqwe
ubuntu,qwerty12
ubuntu,qwerty1234
ubuntu,qwerty12345678
ubuntu,qwertyuiop
ubuntu,qwezxc
ubuntu,root123456
ubuntu,serve
ubuntu,test12
ubuntu,test123
ubuntu,ubun7upass
ubuntu,ubuntupass
ubuntu,upload12
ubuntu,upload123456
ubuntu,user1234567
ubuntu,vps
ubuntu,zaq1xsw2cde3
ubuntu,zaqxsw
udin,udin
uftp,123456789
uftp,123qwe
uftp,1q2w3e
uftp,pass1234
uftp,qwerty123
uki,uki
unix,unix
unreal,123456
unreal,password
update,etadpu
upload,1
upload,1234
upload1234,admin
up,up
user,11
user1,1qaz2wsx
user,12
user,123
user,1234567
user,1234admin
user1,pass123
user1,password123
user,1q
user,1q2w3e4r5t6y
user,1qaz2wsx
user,1qaz321x
user,1qazxcvb
user1,test123
user1,user1123
user1,user123
user1,user123456
user2,1qaz2wsx
user22,user22
user2,zcadqe
user3,user123
user,4321
user,7654321
user,a11b12c13
user,abcd1234
user,abcd1234567
user,abcde
user,asd1
user,asd12
user,asdasd
user,asdf1
user,asdf1234
user,asdf123456789
user,debian
user,debian1234567
user,demo
user,demo123456789
user,developer
user,developer123456
user,developer123456789
userftp,123456
userftp,123qwe
userftp,1qaz321x
userftp,qwer1234
userftp,qwerty123
user,fuckoff
user,hadoop123456789
user,hduser12
user,pass12
user,pass123
user,pass123456789
user,password1234
user,password55
user,postgres123
user,postgres1234567
user,power
user,q1w2e3r4
user,q1w2e3r4t5y6u
user,qaz74123
user,qazxsw
user,qwaesz
user,qwas12
user,qweasd
user,qweasd123
user,qwerqaz
user,qwerqwer
user,qwerty1234567
user,root123456789
user,ubuntu12
user,ubuntu123
user,upload12345678
user,user
user,user12
user,wasd
usuario,1
usuario,1234567
usuario,usuario123
us,us123
ut3,ut3
utility,utility123
v,123
vagrant,111111
vagrant,12345678
vagrant,1qaz2wsx
vagrant4,weblogic
vagrant,vagrant123
vbox,123123
vbox,1234
vboxuser,123
vbox,vboxvbox
vcsa,vcsavcsa
ventas,ventas123
veronica,veronica123
vic,1234
victor,1q2w3e
videolan,videolan123
viewer,viewer
vinit,vinit
visitante,visitante
vlad,vlad
vlc,vlc
vnc,123123
vnc,abc123
vnc,password
vnc,password123
vncuser,vncuser
vnc,vnc12345
vnc,vncpass
vps,321
vps,a
vps,root
vrr1,unknown
vsftpd,123
vsftpd,password
vue,vue
vyatta,123546
wade,123456
wangk,test123
wangk,wangk123
wangsj,wangjc
wang,wang123
wangzy123,root
wan,wan123
warcraft,warcraft
wasadmin,wasadmin
water,water123
wayne,passwd123
web,123456789
web13,123456
web,1qaz2wsx
web,321
web98,web98
webadmin,password
webadmin,test123
web,bew
webdata,webdata
web,kody
weblogic,321
weblogic,weblogic1
webmaster1,1qaz2wsx
webmaster,123
webmaster,1qaz2wsx
webmaster,web123
web,root
website,welcome
webuser,1q2w3e4r
webuser,webuser123
webusr,webusr
web,web12
web,webweb
welcome,ff
wenbin,wenbin
wenzhao,wenzhao
wf,123
whmcs,whmcs
wh,wh
wiew,123456
wildfly,123123
william,william123
will,will123
windows,windows
wk,123456
wkiconsole,wkiconsole
woju,woju
wolwerine,wolwerine
worker,123456
workpress,workpress
world,world
wpms,wpms
wpyan,123456
wqa,wqa
wq,wq
wq,wq123
write,password
wtf,wtf
wt,wt
www,123123
www,1234
www,12345
www,12345678
www,123456789
www,1q2w3e4r
www2,www2
www,abc123
wwwadmin,temp123
wwwadmin,wwwadmin
www,asdfgh
www,password
www,qazwsxedc
www,qwertyuiop
wwwrun,run
wwwrunwwwrun,wwwrun
wwwtest,testwww
www,www
www,www1234
wy,wy123
x,123
xgridcontroller,xgridcontroller
xh,xh
xiaojie,xiaojie
xmlrpc,xmlrpc
xmr,xmr
xprt,xprt
xrdp,xrdp
yanmengmeng,yanmengmeng123
yannick,yannick
yasin,yasin
yatri,yatri
yckim,yckim123
yh,yh123
yoyo,yoyo
yun,yun123
yuvraj,123456
yx,123
zabbix,123qwe
zabbix,tonyeadmn
zai,zai123
zar,zar
zav,zav
zbq,zbq
zdp,zdp
zero,zero
zhang,123
zhangfei,zhangfei
zheng,zheng123
zhongfu,zhongfu
zhu,zhu
zimbra,123456
zimbra,zimbra123
zjb,zjb
znc,znc
zope1,zope1
zorin,zorin
zs,test9
zte,123456
zte,zte123
zx,123
zxy,zxy
zy,zy
zy,zy123
zzz,zzz
